seed,AA Recall %,Pep Acc %
0,43.558849638904775,11.228813559322035
1,39.434774082162974,7.627118644067797
2,43.407538849125025,9.110169491525424
