spectrum_id,sequence,score,winnow_score,sample_id,fdr_label,replicate_consistent,jaccard_score,esm2_ppl,esm2_anomalous_frac,precursor_mz,charge
2396,APDPISNILEK,-0.1131223961710929,-0.1131223961710929,wastewater_Sample1_1,unfiltered,True,1.0,,,1059.754210459882,3
2295,AIQSNPNGTGITAALVQADV,-0.1142537146806716,-0.1142537146806716,wastewater_Sample1_1,unfiltered,True,1.0,,,909.029291652153,3
2252,AALYTDDTTEAFAAPVINYR,-0.1144406497478485,-0.1144406497478485,wastewater_Sample1_1,unfiltered,True,1.0,,,587.29214380315,2
2088,VNALGESVTGTTNPVYNGYK,-0.1144864782691001,-0.1144864782691001,wastewater_Sample1_1,unfiltered,True,1.0,,,1435.9952,2
2152,SLTNGGNAYAADTNTVK,-0.1154338791966438,-0.1154338791966438,wastewater_Sample1_1,unfiltered,True,1.0,,,1090.394483873014,3
2158,FLTNPANGINAQDEGK,-0.1131112352013588,-0.1131112352013588,wastewater_Sample1_2,unfiltered,True,1.0,,,1152.349488967656,2
2633,NPDEVSGDTLATVDTVGAGV,-0.1141843497753143,-0.1141843497753143,wastewater_Sample1_2,unfiltered,True,1.0,,,882.34668,3
2170,FQGLNVGCTEALNSAVIAYR,-0.1152878403663635,-0.1152878403663635,wastewater_Sample1_2,unfiltered,True,1.0,,,691.18896,4
2101,AVTNEGSATLATIDVDK,-0.1156381368637085,-0.1156381368637085,wastewater_Sample1_2,unfiltered,True,1.0,,,1085.798331618067,2
1463,APDNGLGVLPAVTAQVGEYR,-0.1165029481053352,-0.1165029481053352,wastewater_Sample1_2,unfiltered,True,1.0,,,1077.611117271579,2
1516,FNDVIPMGEQAINTNEGAYR,-0.1032500267028808,-0.1032500267028808,wastewater_Sample2_1,5pct,True,1.0,41.126,0.85,1086.326525331708,2
2397,NNGNAIGVDLAAIPFVAGDR,-0.1085004433989524,-0.1085004433989524,wastewater_Sample2_1,5pct,True,1.0,31.5076,0.85,676.185,3
2475,GSNYNEVVTLADVTIVQGIR,-0.1075183451175689,-0.1075183451175689,wastewater_Sample2_1,5pct,True,1.0,36.6325,0.9,1015.623879410651,3
325,DLDVEFTALDGASVQVIAYR,-0.10500168800354,-0.10500168800354,wastewater_Sample2_2,5pct,True,1.0,38.3511,0.95,794.32416,2
2347,ALDNAIDGGQYSFLEVAINR,-0.0926831364631652,-0.0926831364631652,wastewater_Sample2_2,5pct,True,1.0,37.8682,0.9,825.65356,2
4146,QLDNNCVYLGATAGVPIAK,-0.1068116873502731,-0.1068116873502731,wastewater_Sample2_2,5pct,True,1.0,37.4218,0.8421,1094.087469202005,2
