spectrum_id,sequence,score,winnow_score,sample_id,replicate_consistent,jaccard_score,esm2_ppl,esm2_anomalous_frac,precursor_mz,charge
2499,AVGNLDNETNAYSQVTDGYR,-0.10121192038059235,-0.10121192038059235,wastewater_Sample1_1,True,1.0,43.53334227031802,0.8,1042.9286,2
2622,SNLPEGGVTIAYK,-0.10081636905670166,-0.10081636905670166,wastewater_Sample2_1,True,1.0,24.99292055730472,0.6923076923076923,980.462870626299,2
5197,ANGIINPDVVATSENVFGTR,-0.10379128903150558,-0.10379128903150558,wastewater_Sample2_2,True,1.0,35.45455011880378,0.8,1077.0835,3
