spectrum_id,sequence,score,winnow_score,sample_id,fdr_label,replicate_consistent,jaccard_score,esm2_ppl,esm2_anomalous_frac,precursor_mz,charge
2396,APDPISNILEK,-0.11312239617109299,-0.11312239617109299,wastewater_Sample1_1,unfiltered,True,1.0,,,1059.754210459882,3
2295,AIQSNPNGTGITAALVQADV,-0.11425371468067169,-0.11425371468067169,wastewater_Sample1_1,unfiltered,True,1.0,,,909.029291652153,3
2252,AALYTDDTTEAFAAPVINYR,-0.11444064974784851,-0.11444064974784851,wastewater_Sample1_1,unfiltered,True,1.0,,,587.29214380315,2
2088,VNALGESVTGTTNPVYNGYK,-0.11448647826910019,-0.11448647826910019,wastewater_Sample1_1,unfiltered,True,1.0,,,1435.9952,2
2152,SLTNGGNAYAADTNTVK,-0.11543387919664383,-0.11543387919664383,wastewater_Sample1_1,unfiltered,True,1.0,,,1090.394483873014,3
2158,FLTNPANGINAQDEGK,-0.1131112352013588,-0.1131112352013588,wastewater_Sample1_2,unfiltered,True,1.0,,,1152.349488967656,2
2633,NPDEVSGDTLATVDTVGAGV,-0.11418434977531433,-0.11418434977531433,wastewater_Sample1_2,unfiltered,True,1.0,,,882.34668,3
2170,FQGLNVGCTEALNSAVIAYR,-0.11528784036636353,-0.11528784036636353,wastewater_Sample1_2,unfiltered,True,1.0,,,691.18896,4
2101,AVTNEGSATLATIDVDK,-0.1156381368637085,-0.1156381368637085,wastewater_Sample1_2,unfiltered,True,1.0,,,1085.798331618067,2
1463,APDNGLGVLPAVTAQVGEYR,-0.11650294810533524,-0.11650294810533524,wastewater_Sample1_2,unfiltered,True,1.0,,,1077.611117271579,2
1516,FNDVIPMGEQAINTNEGAYR,-0.10325002670288086,-0.10325002670288086,wastewater_Sample2_1,5pct,True,1.0,,,1086.326525331708,2
2397,NNGNAIGVDLAAIPFVAGDR,-0.10850044339895248,-0.10850044339895248,wastewater_Sample2_1,5pct,True,1.0,,,676.185,3
2475,GSNYNEVVTLADVTIVQGIR,-0.10751834511756897,-0.10751834511756897,wastewater_Sample2_1,5pct,True,1.0,,,1015.623879410651,3
325,DLDVEFTALDGASVQVIAYR,-0.10500168800354004,-0.10500168800354004,wastewater_Sample2_2,5pct,True,1.0,,,794.32416,2
2347,ALDNAIDGGQYSFLEVAINR,-0.09268313646316528,-0.09268313646316528,wastewater_Sample2_2,5pct,True,1.0,,,825.65356,2
4146,QLDNNCVYLGATAGVPIAK,-0.10681168735027313,-0.10681168735027313,wastewater_Sample2_2,5pct,True,1.0,,,1094.087469202005,2
